,DTW,DTW_AUG
Adiac,0.6035805626598465,0.4859335038363171
