,DTW,DTW_AUG
Adiac,0.6035805626598465,0.4117647058823529
