,DTW,DTW_AUG
Adiac,0.6035805626598465,0.5294117647058824
