,DTW,DTW_AUG
ArrowHead,0.7028571428571428,0.6228571428571429
