,DTW,DTW_AUG
ArrowHead,0.7028571428571428,0.6628571428571428
