,DTW,DTW_AUG
Car,0.7333333333333333,0.6666666666666666
