,DTW,DTW_AUG
Car,0.7333333333333333,0.6166666666666667
