,DTW,DTW_AUG
CBF,0.9966666666666667,0.9266666666666666
