,DTW,DTW_AUG
CBF,0.9966666666666667,0.9533333333333334
