,DTW,DTW_AUG
Chinatown,0.956268221574344,0.956268221574344
