,DTW,DTW_AUG
ChlorineConcentration,0.6484375,0.6018229166666667
