,DTW,DTW_AUG
CinCECGTorso,0.6507246376811594,0.6333333333333333
