,DTW,DTW_AUG
CinCECGTorso,0.6507246376811594,0.6514492753623189
