,DTW,DTW_AUG
CinCECGTorso,0.6507246376811594,0.6340579710144928
