,DTW,DTW_AUG
CinCECGTorso,0.6507246376811594,0.6413043478260869
