,DTW,DTW_AUG
CricketX,0.7538461538461538,0.7410256410256411
