,DTW,DTW_AUG
CricketZ,0.7538461538461538,0.7307692307692307
