,DTW,DTW_AUG
CricketY,0.7435897435897436,0.6153846153846154
