,DTW,DTW_AUG
CricketZ,0.7538461538461538,0.7282051282051282
