,DTW,DTW_AUG
Crop,0.6652380952380952,0.6223214285714286
