,DTW,DTW_AUG
Crop,0.6652380952380952,0.6320238095238095
