,DTW,DTW_AUG
Crop,0.6652380952380952,0.6072619047619048
