,DTW,DTW_AUG
DiatomSizeReduction,0.9673202614379085,0.9248366013071896
