,DTW,DTW_AUG
DiatomSizeReduction,0.9673202614379085,0.8627450980392157
