,DTW,DTW_AUG
DistalPhalanxOutlineCorrect,0.717391304347826,0.7391304347826086
