,DTW,DTW_AUG
DistalPhalanxOutlineAgeGroup,0.7697841726618705,0.7697841726618705
