,DTW,DTW_AUG
DistalPhalanxOutlineCorrect,0.717391304347826,0.7101449275362319
