,DTW,DTW_AUG
DistalPhalanxTW,0.5899280575539568,0.5683453237410072
