,DTW,DTW_AUG
DistalPhalanxOutlineCorrect,0.717391304347826,0.7210144927536232
