,DTW,DTW_AUG
DistalPhalanxOutlineCorrect,0.717391304347826,0.6992753623188406
