,DTW,DTW_AUG
DistalPhalanxOutlineCorrect,0.717391304347826,0.7282608695652174
