,DTW,DTW_AUG
Earthquakes,0.7194244604316546,0.7050359712230215
