,DTW,DTW_AUG
ECG5000,0.9244444444444444,0.9053333333333333
