,DTW,DTW_AUG
ECG5000,0.9244444444444444,0.9144444444444444
