,DTW,DTW_AUG
ECGFiveDays,0.7677119628339141,0.7653890824622532
