,DTW,DTW_AUG
ElectricDevices,0.5959019582414732,0.6034236804564908
