,DTW,DTW_AUG
ElectricDevices,0.5959019582414732,0.5966800674361302
