,DTW,DTW_AUG
EOGHorizontalSignal,0.5027624309392266,0.47790055248618785
