,DTW,DTW_AUG
EOGHorizontalSignal,0.5027624309392266,0.44751381215469616
