,DTW,DTW_AUG
EOGVerticalSignal,0.44751381215469616,0.49171270718232046
