,DTW,DTW_AUG
EOGVerticalSignal,0.44751381215469616,0.45027624309392267
