,DTW,DTW_AUG
EOGVerticalSignal,0.44751381215469616,0.4613259668508287
