,DTW,DTW_AUG
FacesUCR,0.9048780487804878,0.855609756097561
