,DTW,DTW_AUG
FacesUCR,0.9048780487804878,0.8195121951219512
