,DTW,DTW_AUG
FacesUCR,0.9048780487804878,0.7760975609756098
