,DTW,DTW_AUG
FaceFour,0.8295454545454546,0.7727272727272727
