,DTW,DTW_AUG
FaceAll,0.8076923076923077,0.7449704142011835
