,DTW,DTW_AUG
FacesUCR,0.9048780487804878,0.7463414634146341
