,DTW,DTW_AUG
FacesUCR,0.9048780487804878,0.8053658536585366
