,DTW,DTW_AUG
FiftyWords,0.6901098901098901,0.6395604395604395
