,DTW,DTW_AUG
Fish,0.8228571428571428,0.7828571428571428
