,DTW,DTW_AUG
Fish,0.8228571428571428,0.6914285714285714
