,DTW,DTW_AUG
Fish,0.8228571428571428,0.5142857142857142
