,DTW,DTW_AUG
FordA,0.5545454545454546,0.5734848484848485
