,DTW,DTW_AUG
FordB,0.6197530864197531,0.5864197530864198
