,DTW,DTW_AUG
FordB,0.6197530864197531,0.5962962962962963
