,DTW,DTW_AUG
FreezerSmallTrain,0.7589473684210526,0.7249122807017544
