,DTW,DTW_AUG
FreezerSmallTrain,0.7589473684210526,0.7421052631578947
