,DTW,DTW_AUG
FreezerRegularTrain,0.8989473684210526,0.8459649122807018
