,DTW,DTW_AUG
FreezerSmallTrain,0.7589473684210526,0.7456140350877193
