,DTW,DTW_AUG
FreezerRegularTrain,0.8989473684210526,0.8929824561403509
