,DTW,DTW_AUG
GunPointOldVersusYoung,0.8380952380952381,0.7714285714285715
