,DTW,DTW_AUG
GunPoint,0.9066666666666666,0.7866666666666666
