,DTW,DTW_AUG
GunPointAgeSpan,0.9177215189873418,0.9018987341772152
