,DTW,DTW_AUG
GunPointAgeSpan,0.9177215189873418,0.8924050632911392
