,DTW,DTW_AUG
GunPointOldVersusYoung,0.8380952380952381,0.8317460317460318
