,DTW,DTW_AUG
GunPointOldVersusYoung,0.8380952380952381,0.819047619047619
