,DTW,DTW_AUG
GunPointMaleVersusFemale,0.9968354430379747,0.9968354430379747
