,DTW,DTW_AUG
Ham,0.4666666666666667,0.5047619047619047
