,DTW,DTW_AUG
Ham,0.4666666666666667,0.49523809523809526
