,DTW,DTW_AUG
Ham,0.4666666666666667,0.47619047619047616
