,DTW,DTW_AUG
Haptics,0.37662337662337664,0.2727272727272727
