,DTW,DTW_AUG
Haptics,0.37662337662337664,0.30844155844155846
