,DTW,DTW_AUG
HouseTwenty,0.9243697478991597,0.8823529411764706
