,DTW,DTW_AUG
HouseTwenty,0.9243697478991597,0.8739495798319328
