,DTW,DTW_AUG
InlineSkate,0.3836363636363636,0.2781818181818182
