,DTW,DTW_AUG
InlineSkate,0.3836363636363636,0.30727272727272725
