,DTW,DTW_AUG
InsectEPGRegularTrain,0.8714859437751004,0.8554216867469879
