,DTW,DTW_AUG
InsectWingbeatSound,0.35505050505050506,0.31767676767676767
