,DTW,DTW_AUG
InsectEPGSmallTrain,0.7349397590361446,0.6987951807228916
