,DTW,DTW_AUG
InsectEPGRegularTrain,0.8714859437751004,0.8795180722891566
