,DTW,DTW_AUG
InsectEPGSmallTrain,0.7349397590361446,0.7028112449799196
