,DTW,DTW_AUG
InsectEPGSmallTrain,0.7349397590361446,0.714859437751004
