,DTW,DTW_AUG
InsectEPGSmallTrain,0.7349397590361446,0.6907630522088354
