,DTW,DTW_AUG
ItalyPowerDemand,0.9504373177842566,0.9222546161321672
