,DTW,DTW_AUG
ItalyPowerDemand,0.9504373177842566,0.93488824101069
