,DTW,DTW_AUG
ItalyPowerDemand,0.9504373177842566,0.9475218658892128
