,DTW,DTW_AUG
LargeKitchenAppliances,0.7946666666666666,0.7866666666666666
