,DTW,DTW_AUG
LargeKitchenAppliances,0.7946666666666666,0.7813333333333333
