,DTW,DTW_AUG
Lightning7,0.726027397260274,0.684931506849315
