,DTW,DTW_AUG
Lightning2,0.8688524590163934,0.8524590163934426
