,DTW,DTW_AUG
Mallat,0.9339019189765458,0.8260127931769723
