,DTW,DTW_AUG
Mallat,0.9339019189765458,0.8371002132196163
