,DTW,DTW_AUG
Meat,0.9333333333333333,0.8333333333333334
