,DTW,DTW_AUG
MedicalImages,0.7368421052631579,0.7394736842105263
