,DTW,DTW_AUG
MiddlePhalanxTW,0.5064935064935064,0.5324675324675324
