,DTW,DTW_AUG
MiddlePhalanxTW,0.5064935064935064,0.5194805194805194
