,DTW,DTW_AUG
MiddlePhalanxTW,0.5064935064935064,0.4805194805194805
