,DTW,DTW_AUG
MiddlePhalanxOutlineCorrect,0.697594501718213,0.7044673539518901
