,DTW,DTW_AUG
MiddlePhalanxOutlineCorrect,0.697594501718213,0.6804123711340206
