,DTW,DTW_AUG
MixedShapesSmallTrain,0.7797938144329897,0.7624742268041237
