,DTW,DTW_AUG
MixedShapesRegularTrain,0.8416494845360825,0.8441237113402061
