,DTW,DTW_AUG
MixedShapesSmallTrain,0.7797938144329897,0.7711340206185567
