,DTW,DTW_AUG
MixedShapesRegularTrain,0.8416494845360825,0.8395876288659794
