,DTW,DTW_AUG
MixedShapesSmallTrain,0.7797938144329897,0.7377319587628866
