,DTW,DTW_AUG
MoteStrain,0.8346645367412141,0.7827476038338658
