,DTW,DTW_AUG
MoteStrain,0.8346645367412141,0.7843450479233227
