,DTW,DTW_AUG
OliveOil,0.8333333333333334,0.5666666666666667
