,DTW,DTW_AUG
OSULeaf,0.5909090909090909,0.5165289256198347
