,DTW,DTW_AUG
PhalangesOutlinesCorrect,0.7284382284382285,0.7284382284382285
