,DTW,DTW_AUG
Phoneme,0.22837552742616032,0.1787974683544304
