,DTW,DTW_AUG
Phoneme,0.22837552742616032,0.18829113924050633
