,DTW,DTW_AUG
Phoneme,0.22837552742616032,0.17563291139240506
