,DTW,DTW_AUG
PigArtPressure,0.24519230769230768,0.08173076923076923
