,DTW,DTW_AUG
PigAirwayPressure,0.10576923076923077,0.057692307692307696
