,DTW,DTW_AUG
PigAirwayPressure,0.10576923076923077,0.0673076923076923
