,DTW,DTW_AUG
PigCVP,0.15384615384615385,0.08173076923076923
