,DTW,DTW_AUG
PigCVP,0.15384615384615385,0.10096153846153846
