,DTW,DTW_AUG
PigCVP,0.15384615384615385,0.0673076923076923
