,DTW,DTW_AUG
PowerCons,0.8777777777777778,0.8722222222222222
