,DTW,DTW_AUG
PowerCons,0.8777777777777778,0.8833333333333333
