,DTW,DTW_AUG
ProximalPhalanxOutlineAgeGroup,0.8048780487804879,0.8146341463414634
