,DTW,DTW_AUG
ProximalPhalanxOutlineAgeGroup,0.8048780487804879,0.7707317073170732
