,DTW,DTW_AUG
ProximalPhalanxTW,0.7560975609756098,0.7902439024390244
