,DTW,DTW_AUG
ProximalPhalanxOutlineAgeGroup,0.8048780487804879,0.7853658536585366
