,DTW,DTW_AUG
ProximalPhalanxTW,0.7560975609756098,0.7463414634146341
