,DTW,DTW_AUG
ProximalPhalanxOutlineCorrect,0.7835051546391752,0.7628865979381443
