,DTW,DTW_AUG
ScreenType,0.3973333333333333,0.37333333333333335
