,DTW,DTW_AUG
ScreenType,0.3973333333333333,0.3546666666666667
