,DTW,DTW_AUG
ScreenType,0.3973333333333333,0.39466666666666667
