,DTW,DTW_AUG
SemgHandMovementCh2,0.5844444444444444,0.5422222222222223
