,DTW,DTW_AUG
SemgHandMovementCh2,0.5844444444444444,0.5355555555555556
