,DTW,DTW_AUG
SemgHandGenderCh2,0.8016666666666666,0.7816666666666666
