,DTW,DTW_AUG
SemgHandSubjectCh2,0.7266666666666667,0.6977777777777778
