,DTW,DTW_AUG
ShapesAll,0.7683333333333333,0.7233333333333334
