,DTW,DTW_AUG
ShapesAll,0.7683333333333333,0.6733333333333333
