,DTW,DTW_AUG
SmallKitchenAppliances,0.6426666666666667,0.6373333333333333
