,DTW,DTW_AUG
SmoothSubspace,0.8266666666666667,0.8133333333333334
