,DTW,DTW_AUG
SmoothSubspace,0.8266666666666667,0.8066666666666666
