,DTW,DTW_AUG
SonyAIBORobotSurface1,0.7254575707154742,0.6938435940099834
