,DTW,DTW_AUG
SonyAIBORobotSurface2,0.8310598111227702,0.8184679958027282
