,DTW,DTW_AUG
SonyAIBORobotSurface2,0.8310598111227702,0.7859391395592865
