,DTW,DTW_AUG
Strawberry,0.9405405405405406,0.9459459459459459
