,DTW,DTW_AUG
Strawberry,0.9405405405405406,0.9216216216216216
