,DTW,DTW_AUG
Symbols,0.949748743718593,0.9296482412060302
