,DTW,DTW_AUG
SyntheticControl,0.9933333333333333,0.9566666666666667
