,DTW,DTW_AUG
ToeSegmentation1,0.7719298245614035,0.6842105263157895
