,DTW,DTW_AUG
ToeSegmentation1,0.7719298245614035,0.7105263157894737
