,DTW,DTW_AUG
ToeSegmentation2,0.8384615384615385,0.7538461538461538
