,DTW,DTW_AUG
TwoLeadECG,0.9043020193151887,0.8033362598770851
