,DTW,DTW_AUG
TwoLeadECG,0.9043020193151887,0.8349429323968394
