,DTW,DTW_AUG
TwoLeadECG,0.9043020193151887,0.8805970149253731
