,DTW,DTW_AUG
UMD,0.9930555555555556,0.9861111111111112
