,DTW,DTW_AUG
UWaveGestureLibraryZ,0.6582914572864321,0.655499720826354
