,DTW,DTW_AUG
UWaveGestureLibraryY,0.6340033500837521,0.6032942490228922
