,DTW,DTW_AUG
UWaveGestureLibraryX,0.7275265214963708,0.7110552763819096
