,DTW,DTW_AUG
UWaveGestureLibraryZ,0.6582914572864321,0.6415410385259631
