,DTW,DTW_AUG
UWaveGestureLibraryY,0.6340033500837521,0.6180904522613065
