,DTW,DTW_AUG
UWaveGestureLibraryX,0.7275265214963708,0.7082635399218313
