,DTW,DTW_AUG
UWaveGestureLibraryZ,0.6582914572864321,0.6395868230039085
