,DTW,DTW_AUG
Wafer,0.9798831927319922,0.982154445165477
