,DTW,DTW_AUG
Wafer,0.9798831927319922,0.9810188189487346
