,DTW,DTW_AUG
WordSynonyms,0.6489028213166145,0.6347962382445141
