,DTW,DTW_AUG
WordSynonyms,0.6489028213166145,0.622257053291536
