,DTW,DTW_AUG
Worms,0.5844155844155844,0.4935064935064935
