,DTW,DTW_AUG
WormsTwoClass,0.6233766233766234,0.5064935064935064
