,DTW,DTW_AUG
Yoga,0.8363333333333334,0.7863333333333333
