,rot,rot_AUG
Adiac,0.7928388746803069,0.2531969309462916
