,rot,rot_AUG
Adiac,0.782608695652174,0.16112531969309463
