,rot,rot_AUG
Adiac,0.7902813299232737,0.5498721227621484
