,rot,rot_AUG
Adiac,0.7953964194373402,0.2710997442455243
