,rot,rot_AUG
Adiac,0.7851662404092071,0.3350383631713555
