,rot,rot_AUG
ArrowHead,0.7314285714285714,0.6228571428571429
