,rot,rot_AUG
ArrowHead,0.7485714285714286,0.41714285714285715
