,rot,rot_AUG
ArrowHead,0.7371428571428571,0.7371428571428571
