,rot,rot_AUG
Beef,0.8666666666666667,0.4666666666666667
