,rot,rot_AUG
Beef,0.8333333333333334,0.4666666666666667
