,rot,rot_AUG
Beef,0.8333333333333334,0.5333333333333333
