,rot,rot_AUG
BME,0.9466666666666667,0.6266666666666667
