,rot,rot_AUG
BME,0.9533333333333334,0.8666666666666667
