,rot,rot_AUG
BME,0.9466666666666667,0.8066666666666666
