,rot,rot_AUG
Car,0.7833333333333333,0.7333333333333333
