,rot,rot_AUG
Car,0.7833333333333333,0.5666666666666667
