,rot,rot_AUG
CBF,0.9322222222222222,0.6622222222222223
