,rot,rot_AUG
CBF,0.9411111111111111,0.6466666666666666
