,rot,rot_AUG
Chinatown,0.9825072886297376,0.9650145772594753
