,rot,rot_AUG
Chinatown,0.9766763848396501,0.9825072886297376
