,rot,rot_AUG
Chinatown,0.9795918367346939,0.9620991253644315
