,rot,rot_AUG
Chinatown,0.9766763848396501,0.9533527696793003
