,rot,rot_AUG
ChlorineConcentration,0.8885416666666667,0.48203125
