,rot,rot_AUG
ChlorineConcentration,0.8888020833333333,0.46901041666666665
