,rot,rot_AUG
ChlorineConcentration,0.8955729166666667,0.48098958333333336
