,rot,rot_AUG
ChlorineConcentration,0.8916666666666667,0.5096354166666667
