,rot,rot_AUG
CinCECGTorso,0.6615942028985508,0.31666666666666665
