,rot,rot_AUG
CinCECGTorso,0.6485507246376812,0.35797101449275365
