,rot,rot_AUG
CinCECGTorso,0.6543478260869565,0.3181159420289855
