,rot,rot_AUG
CinCECGTorso,0.636231884057971,0.49420289855072463
