,rot,rot_AUG
CinCECGTorso,0.6485507246376812,0.4318840579710145
