,rot,rot_AUG
CricketZ,0.6384615384615384,0.48205128205128206
