,rot,rot_AUG
CricketZ,0.6461538461538462,0.358974358974359
