,rot,rot_AUG
CricketX,0.6153846153846154,0.5307692307692308
