,rot,rot_AUG
CricketZ,0.6230769230769231,0.3230769230769231
