,rot,rot_AUG
CricketY,0.6230769230769231,0.26153846153846155
