,rot,rot_AUG
CricketX,0.6025641025641025,0.3717948717948718
