,rot,rot_AUG
CricketY,0.6358974358974359,0.3769230769230769
