,rot,rot_AUG
CricketY,0.6461538461538462,0.34102564102564104
