,rot,rot_AUG
CricketX,0.6076923076923076,0.26153846153846155
