,rot,rot_AUG
CricketY,0.6205128205128205,0.4666666666666667
