,rot,rot_AUG
CricketX,0.6051282051282051,0.441025641025641
