,rot,rot_AUG
CricketZ,0.6333333333333333,0.48205128205128206
