,rot,rot_AUG
CricketY,0.6102564102564103,0.5487179487179488
