,rot,rot_AUG
Crop,0.7523809523809524,0.6918452380952381
