,rot,rot_AUG
Crop,0.7511309523809524,0.5290476190476191
