,rot,rot_AUG
Crop,0.7510119047619047,0.61625
