,rot,rot_AUG
Crop,0.7525595238095238,0.5564880952380953
