,rot,rot_AUG
Crop,0.7507142857142857,0.5864285714285714
