,rot,rot_AUG
DiatomSizeReduction,0.9281045751633987,0.6372549019607843
