,rot,rot_AUG
DiatomSizeReduction,0.9117647058823529,0.8202614379084967
