,rot,rot_AUG
DiatomSizeReduction,0.9281045751633987,0.9313725490196079
