,rot,rot_AUG
DiatomSizeReduction,0.9313725490196079,0.5490196078431373
