,rot,rot_AUG
DistalPhalanxTW,0.7050359712230215,0.6258992805755396
