,rot,rot_AUG
DistalPhalanxOutlineAgeGroup,0.7482014388489209,0.7266187050359713
