,rot,rot_AUG
DistalPhalanxOutlineCorrect,0.8007246376811594,0.7210144927536232
