,rot,rot_AUG
DistalPhalanxTW,0.7122302158273381,0.6115107913669064
