,rot,rot_AUG
DistalPhalanxOutlineCorrect,0.7862318840579711,0.7753623188405797
