,rot,rot_AUG
DistalPhalanxTW,0.6834532374100719,0.6187050359712231
