,rot,rot_AUG
DistalPhalanxOutlineCorrect,0.7862318840579711,0.6992753623188406
