,rot,rot_AUG
DistalPhalanxOutlineAgeGroup,0.7769784172661871,0.7266187050359713
