,rot,rot_AUG
DistalPhalanxTW,0.697841726618705,0.6402877697841727
