,rot,rot_AUG
DistalPhalanxOutlineAgeGroup,0.7553956834532374,0.7122302158273381
