,rot,rot_AUG
DistalPhalanxOutlineCorrect,0.7789855072463768,0.7463768115942029
