,rot,rot_AUG
DistalPhalanxOutlineAgeGroup,0.762589928057554,0.7194244604316546
