,rot,rot_AUG
DistalPhalanxTW,0.7194244604316546,0.6618705035971223
