,rot,rot_AUG
Earthquakes,0.7553956834532374,0.7697841726618705
