,rot,rot_AUG
ECG5000,0.9402222222222222,0.9151111111111111
