,rot,rot_AUG
ECG5000,0.9393333333333334,0.9211111111111111
