,rot,rot_AUG
ECG5000,0.9397777777777778,0.9082222222222223
