,rot,rot_AUG
ECG5000,0.9395555555555556,0.9315555555555556
