,rot,rot_AUG
ECG5000,0.9404444444444444,0.9037777777777778
