,rot,rot_AUG
ECGFiveDays,0.9140534262485482,0.6724738675958188
