,rot,rot_AUG
ECGFiveDays,0.9105691056910569,0.70267131242741
