,rot,rot_AUG
ECGFiveDays,0.9163763066202091,0.570267131242741
