,rot,rot_AUG
ECGFiveDays,0.9128919860627178,0.8304297328687572
