,rot,rot_AUG
ECGFiveDays,0.9314750290360047,0.6411149825783972
