,rot,rot_AUG
ElectricDevices,0.669303592270782,0.613150045389703
