,rot,rot_AUG
ElectricDevices,0.6702113863312151,0.6419400855920114
