,rot,rot_AUG
ElectricDevices,0.6713785501232006,0.6656724160290494
