,rot,rot_AUG
ElectricDevices,0.6734535079756192,0.6367526909609649
