,rot,rot_AUG
ElectricDevices,0.6731941382440669,0.670081701465439
