,rot,rot_AUG
EOGHorizontalSignal,0.46408839779005523,0.35911602209944754
