,rot,rot_AUG
EOGHorizontalSignal,0.47513812154696133,0.4447513812154696
