,rot,rot_AUG
EOGHorizontalSignal,0.494475138121547,0.3149171270718232
