,rot,rot_AUG
EOGHorizontalSignal,0.46685082872928174,0.4419889502762431
