,rot,rot_AUG
EOGHorizontalSignal,0.4613259668508287,0.2541436464088398
