,rot,rot_AUG
EOGVerticalSignal,0.45027624309392267,0.3453038674033149
