,rot,rot_AUG
EOGVerticalSignal,0.43922651933701656,0.39502762430939226
