,rot,rot_AUG
EOGVerticalSignal,0.4585635359116022,0.30386740331491713
