,rot,rot_AUG
EOGVerticalSignal,0.4613259668508287,0.26795580110497236
