,rot,rot_AUG
EOGVerticalSignal,0.43922651933701656,0.27624309392265195
