,rot,rot_AUG
FaceFour,0.8863636363636364,0.3068181818181818
