,rot,rot_AUG
FacesUCR,0.7921951219512195,0.4175609756097561
