,rot,rot_AUG
FacesUCR,0.7970731707317074,0.4790243902439024
