,rot,rot_AUG
FaceFour,0.9090909090909091,0.32954545454545453
