,rot,rot_AUG
FaceAll,0.850887573964497,0.450887573964497
