,rot,rot_AUG
FacesUCR,0.795609756097561,0.6585365853658537
