,rot,rot_AUG
FaceAll,0.840828402366864,0.47455621301775147
