,rot,rot_AUG
FaceAll,0.8473372781065088,0.7461538461538462
