,rot,rot_AUG
FaceFour,0.8977272727272727,0.18181818181818182
