,rot,rot_AUG
FacesUCR,0.7946341463414635,0.37121951219512195
