,rot,rot_AUG
FaceAll,0.842603550295858,0.5455621301775148
