,rot,rot_AUG
FaceFour,0.8977272727272727,0.4431818181818182
