,rot,rot_AUG
FaceAll,0.8437869822485207,0.3988165680473373
