,rot,rot_AUG
FacesUCR,0.7960975609756098,0.39365853658536587
