,rot,rot_AUG
FiftyWords,0.7054945054945055,0.6285714285714286
