,rot,rot_AUG
FiftyWords,0.7098901098901099,0.48131868131868133
