,rot,rot_AUG
FiftyWords,0.6967032967032967,0.4065934065934066
