,rot,rot_AUG
FiftyWords,0.6989010989010989,0.5164835164835165
