,rot,rot_AUG
FiftyWords,0.7032967032967034,0.3956043956043956
