,rot,rot_AUG
Fish,0.8742857142857143,0.4057142857142857
