,rot,rot_AUG
Fish,0.8514285714285714,0.42857142857142855
