,rot,rot_AUG
Fish,0.8342857142857143,0.5771428571428572
