,rot,rot_AUG
Fish,0.8628571428571429,0.6742857142857143
