,rot,rot_AUG
FordA,0.8522727272727273,0.8583333333333333
