,rot,rot_AUG
FordA,0.865909090909091,0.8462121212121212
