,rot,rot_AUG
FordB,0.7061728395061728,0.6851851851851852
