,rot,rot_AUG
FordA,0.8689393939393939,0.8340909090909091
