,rot,rot_AUG
FordB,0.7123456790123457,0.6962962962962963
