,rot,rot_AUG
FordB,0.6987654320987654,0.6839506172839506
