,rot,rot_AUG
FordB,0.7098765432098766,0.671604938271605
