,rot,rot_AUG
FordB,0.7012345679012346,0.6888888888888889
