,rot,rot_AUG
FordA,0.8598484848484849,0.8431818181818181
