,rot,rot_AUG
FordA,0.8628787878787879,0.8227272727272728
