,rot,rot_AUG
FreezerRegularTrain,0.9971929824561403,0.9101754385964912
