,rot,rot_AUG
FreezerSmallTrain,0.9842105263157894,0.7235087719298245
