,rot,rot_AUG
FreezerSmallTrain,0.983859649122807,0.7705263157894737
