,rot,rot_AUG
FreezerRegularTrain,0.996140350877193,0.9536842105263158
