,rot,rot_AUG
FreezerRegularTrain,0.9975438596491228,0.9536842105263158
