,rot,rot_AUG
FreezerSmallTrain,0.9821052631578947,0.7701754385964912
