,rot,rot_AUG
FreezerSmallTrain,0.9828070175438597,0.7887719298245615
