,rot,rot_AUG
FreezerSmallTrain,0.9817543859649123,0.7585964912280702
