,rot,rot_AUG
GunPointAgeSpan,0.9335443037974683,0.8670886075949367
