,rot,rot_AUG
GunPoint,0.9266666666666666,0.6733333333333333
