,rot,rot_AUG
GunPointAgeSpan,0.939873417721519,0.9082278481012658
