,rot,rot_AUG
GunPointOldVersusYoung,0.9428571428571428,0.8603174603174604
