,rot,rot_AUG
GunPointOldVersusYoung,0.9365079365079365,0.7841269841269841
