,rot,rot_AUG
GunPointOldVersusYoung,0.946031746031746,0.8984126984126984
