,rot,rot_AUG
GunPointAgeSpan,0.9367088607594937,0.9082278481012658
