,rot,rot_AUG
GunPointOldVersusYoung,0.9396825396825397,0.9365079365079365
