,rot,rot_AUG
GunPointMaleVersusFemale,0.9841772151898734,0.9493670886075949
