,rot,rot_AUG
GunPointMaleVersusFemale,0.9810126582278481,0.9715189873417721
