,rot,rot_AUG
GunPointAgeSpan,0.939873417721519,0.8386075949367089
