,rot,rot_AUG
GunPointAgeSpan,0.9367088607594937,0.9208860759493671
