,rot,rot_AUG
Ham,0.7047619047619048,0.6571428571428571
