,rot,rot_AUG
Ham,0.6857142857142857,0.6190476190476191
