,rot,rot_AUG
Ham,0.7142857142857143,0.5428571428571428
