,rot,rot_AUG
Ham,0.6952380952380952,0.49523809523809526
