,rot,rot_AUG
Haptics,0.4675324675324675,0.39935064935064934
