,rot,rot_AUG
Haptics,0.474025974025974,0.3246753246753247
