,rot,rot_AUG
Haptics,0.4675324675324675,0.3181818181818182
