,rot,rot_AUG
Haptics,0.474025974025974,0.37337662337662336
