,rot,rot_AUG
HouseTwenty,0.8487394957983193,0.773109243697479
