,rot,rot_AUG
HouseTwenty,0.8403361344537815,0.8235294117647058
