,rot,rot_AUG
HouseTwenty,0.8571428571428571,0.7983193277310925
