,rot,rot_AUG
HouseTwenty,0.8571428571428571,0.8235294117647058
