,rot,rot_AUG
InlineSkate,0.36727272727272725,0.2581818181818182
