,rot,rot_AUG
InlineSkate,0.37454545454545457,0.2872727272727273
