,rot,rot_AUG
InlineSkate,0.35818181818181816,0.24909090909090909
