,rot,rot_AUG
InlineSkate,0.3527272727272727,0.21636363636363637
