,rot,rot_AUG
InlineSkate,0.37272727272727274,0.2290909090909091
