,rot,rot_AUG
InsectEPGSmallTrain,0.6666666666666666,0.6104417670682731
