,rot,rot_AUG
InsectWingbeatSound,0.6525252525252525,0.401010101010101
