,rot,rot_AUG
InsectWingbeatSound,0.6474747474747474,0.5419191919191919
