,rot,rot_AUG
InsectEPGRegularTrain,0.6827309236947792,0.7108433734939759
