,rot,rot_AUG
InsectEPGRegularTrain,0.6907630522088354,0.6827309236947792
