,rot,rot_AUG
InsectWingbeatSound,0.646969696969697,0.47575757575757577
