,rot,rot_AUG
InsectEPGSmallTrain,0.6746987951807228,0.6224899598393574
