,rot,rot_AUG
InsectEPGSmallTrain,0.6626506024096386,0.6746987951807228
