,rot,rot_AUG
InsectEPGRegularTrain,0.678714859437751,0.7429718875502008
