,rot,rot_AUG
InsectEPGSmallTrain,0.6706827309236948,0.6345381526104418
