,rot,rot_AUG
InsectWingbeatSound,0.6424242424242425,0.352020202020202
