,rot,rot_AUG
InsectWingbeatSound,0.6434343434343435,0.39191919191919194
