,rot,rot_AUG
ItalyPowerDemand,0.9718172983479106,0.9329446064139941
