,rot,rot_AUG
ItalyPowerDemand,0.9718172983479106,0.8999028182701652
