,rot,rot_AUG
ItalyPowerDemand,0.9737609329446064,0.8765792031098154
