,rot,rot_AUG
ItalyPowerDemand,0.9698736637512148,0.9290573372206026
