,rot,rot_AUG
LargeKitchenAppliances,0.5946666666666667,0.5786666666666667
