,rot,rot_AUG
LargeKitchenAppliances,0.6053333333333333,0.5893333333333334
