,rot,rot_AUG
Lightning7,0.7397260273972602,0.6986301369863014
