,rot,rot_AUG
Lightning7,0.7534246575342466,0.5068493150684932
