,rot,rot_AUG
Lightning2,0.8032786885245902,0.7049180327868853
