,rot,rot_AUG
Lightning2,0.7868852459016393,0.7704918032786885
