,rot,rot_AUG
Lightning2,0.7868852459016393,0.6721311475409836
