,rot,rot_AUG
Lightning2,0.7868852459016393,0.7377049180327869
