,rot,rot_AUG
Mallat,0.897228144989339,0.3142857142857143
