,rot,rot_AUG
Mallat,0.9339019189765458,0.42430703624733473
