,rot,rot_AUG
Mallat,0.9236673773987207,0.24520255863539445
