,rot,rot_AUG
Mallat,0.9113006396588487,0.2439232409381663
