,rot,rot_AUG
Mallat,0.9189765458422174,0.5991471215351812
