,rot,rot_AUG
Meat,0.9333333333333333,0.5833333333333334
