,rot,rot_AUG
Meat,0.9333333333333333,0.5166666666666667
