,rot,rot_AUG
MedicalImages,0.7855263157894737,0.7131578947368421
