,rot,rot_AUG
MedicalImages,0.7802631578947369,0.6657894736842105
