,rot,rot_AUG
MedicalImages,0.7802631578947369,0.5789473684210527
