,rot,rot_AUG
MedicalImages,0.7921052631578948,0.6131578947368421
