,rot,rot_AUG
MiddlePhalanxTW,0.5584415584415584,0.5584415584415584
