,rot,rot_AUG
MiddlePhalanxOutlineCorrect,0.8350515463917526,0.7147766323024055
