,rot,rot_AUG
MiddlePhalanxTW,0.577922077922078,0.551948051948052
