,rot,rot_AUG
MiddlePhalanxOutlineAgeGroup,0.5454545454545454,0.5324675324675324
