,rot,rot_AUG
MiddlePhalanxOutlineCorrect,0.8419243986254296,0.7457044673539519
