,rot,rot_AUG
MiddlePhalanxOutlineAgeGroup,0.577922077922078,0.5454545454545454
