,rot,rot_AUG
MiddlePhalanxOutlineAgeGroup,0.5584415584415584,0.525974025974026
