,rot,rot_AUG
MiddlePhalanxOutlineCorrect,0.8316151202749141,0.7560137457044673
