,rot,rot_AUG
MiddlePhalanxOutlineCorrect,0.8384879725085911,0.7972508591065293
