,rot,rot_AUG
MiddlePhalanxTW,0.5714285714285714,0.5324675324675324
