,rot,rot_AUG
MiddlePhalanxOutlineCorrect,0.8316151202749141,0.7800687285223368
