,rot,rot_AUG
MiddlePhalanxOutlineAgeGroup,0.564935064935065,0.5064935064935064
