,rot,rot_AUG
MixedShapesSmallTrain,0.8354639175257732,0.7682474226804124
