,rot,rot_AUG
MixedShapesSmallTrain,0.8329896907216495,0.7228865979381444
