,rot,rot_AUG
MixedShapesSmallTrain,0.831340206185567,0.5962886597938144
