,rot,rot_AUG
MixedShapesSmallTrain,0.8342268041237113,0.7014432989690722
