,rot,rot_AUG
MixedShapesRegularTrain,0.9117525773195876,0.8717525773195877
