,rot,rot_AUG
MixedShapesRegularTrain,0.9138144329896907,0.8837113402061856
