,rot,rot_AUG
MoteStrain,0.8777955271565495,0.854632587859425
