,rot,rot_AUG
MoteStrain,0.8746006389776357,0.8610223642172524
