,rot,rot_AUG
MoteStrain,0.8753993610223643,0.7859424920127795
