,rot,rot_AUG
MoteStrain,0.8825878594249201,0.7987220447284346
