,rot,rot_AUG
MoteStrain,0.8849840255591054,0.8354632587859425
