,rot,rot_AUG
OSULeaf,0.5413223140495868,0.49586776859504134
