,rot,rot_AUG
OSULeaf,0.5702479338842975,0.371900826446281
