,rot,rot_AUG
OSULeaf,0.5330578512396694,0.4132231404958678
