,rot,rot_AUG
OSULeaf,0.5619834710743802,0.45867768595041325
