,rot,rot_AUG
PhalangesOutlinesCorrect,0.8473193473193473,0.7832167832167832
