,rot,rot_AUG
PhalangesOutlinesCorrect,0.844988344988345,0.7027972027972028
