,rot,rot_AUG
PhalangesOutlinesCorrect,0.8473193473193473,0.7505827505827506
