,rot,rot_AUG
PhalangesOutlinesCorrect,0.837995337995338,0.710955710955711
