,rot,rot_AUG
PhalangesOutlinesCorrect,0.8426573426573427,0.745920745920746
