,rot,rot_AUG
Phoneme,0.1350210970464135,0.14029535864978904
