,rot,rot_AUG
Phoneme,0.13924050632911392,0.13291139240506328
