,rot,rot_AUG
Phoneme,0.13765822784810128,0.12130801687763713
