,rot,rot_AUG
Phoneme,0.14082278481012658,0.12447257383966245
