,rot,rot_AUG
PigArtPressure,0.10096153846153846,0.10096153846153846
