,rot,rot_AUG
PigArtPressure,0.09615384615384616,0.10096153846153846
