,rot,rot_AUG
PigArtPressure,0.11057692307692307,0.12980769230769232
