,rot,rot_AUG
PigArtPressure,0.10576923076923077,0.11057692307692307
