,rot,rot_AUG
PigAirwayPressure,0.07211538461538461,0.038461538461538464
