,rot,rot_AUG
PigArtPressure,0.09134615384615384,0.08653846153846154
