,rot,rot_AUG
PigCVP,0.04326923076923077,0.08653846153846154
