,rot,rot_AUG
PigCVP,0.052884615384615384,0.04326923076923077
