,rot,rot_AUG
Plane,0.9809523809523809,0.7428571428571429
