,rot,rot_AUG
Plane,0.9904761904761905,0.6285714285714286
