,rot,rot_AUG
Plane,0.9904761904761905,0.9714285714285714
