,rot,rot_AUG
Plane,0.9904761904761905,0.7142857142857143
