,rot,rot_AUG
PowerCons,0.9777777777777777,0.8722222222222222
