,rot,rot_AUG
PowerCons,0.9555555555555556,0.9166666666666666
