,rot,rot_AUG
PowerCons,0.9833333333333333,0.8388888888888889
