,rot,rot_AUG
PowerCons,0.9555555555555556,0.8222222222222222
