,rot,rot_AUG
ProximalPhalanxOutlineCorrect,0.8934707903780069,0.7869415807560137
