,rot,rot_AUG
ProximalPhalanxOutlineCorrect,0.8865979381443299,0.7663230240549829
