,rot,rot_AUG
ProximalPhalanxOutlineCorrect,0.8900343642611683,0.8144329896907216
