,rot,rot_AUG
ProximalPhalanxTW,0.8048780487804879,0.7560975609756098
