,rot,rot_AUG
ProximalPhalanxOutlineCorrect,0.8900343642611683,0.7422680412371134
