,rot,rot_AUG
ProximalPhalanxOutlineAgeGroup,0.8634146341463415,0.8390243902439024
