,rot,rot_AUG
ProximalPhalanxOutlineAgeGroup,0.8682926829268293,0.848780487804878
