,rot,rot_AUG
ProximalPhalanxTW,0.8292682926829268,0.7414634146341463
