,rot,rot_AUG
ProximalPhalanxTW,0.8146341463414634,0.7853658536585366
