,rot,rot_AUG
ProximalPhalanxTW,0.8292682926829268,0.751219512195122
