,rot,rot_AUG
ProximalPhalanxOutlineAgeGroup,0.8731707317073171,0.8536585365853658
