,rot,rot_AUG
RefrigerationDevices,0.5093333333333333,0.5173333333333333
