,rot,rot_AUG
RefrigerationDevices,0.5146666666666667,0.5146666666666667
