,rot,rot_AUG
ScreenType,0.4106666666666667,0.4053333333333333
