,rot,rot_AUG
ScreenType,0.4266666666666667,0.38133333333333336
