,rot,rot_AUG
SemgHandMovementCh2,0.5377777777777778,0.3333333333333333
