,rot,rot_AUG
SemgHandGenderCh2,0.9033333333333333,0.6816666666666666
