,rot,rot_AUG
SemgHandSubjectCh2,0.7733333333333333,0.5022222222222222
