,rot,rot_AUG
SemgHandSubjectCh2,0.7644444444444445,0.45555555555555555
