,rot,rot_AUG
SemgHandMovementCh2,0.5266666666666666,0.41333333333333333
