,rot,rot_AUG
SemgHandSubjectCh2,0.7777777777777778,0.5377777777777778
