,rot,rot_AUG
SemgHandMovementCh2,0.5133333333333333,0.3844444444444444
