,rot,rot_AUG
SemgHandGenderCh2,0.9116666666666666,0.6416666666666667
