,rot,rot_AUG
SemgHandMovementCh2,0.5311111111111111,0.33555555555555555
