,rot,rot_AUG
SemgHandMovementCh2,0.5577777777777778,0.34444444444444444
