,rot,rot_AUG
ShapeletSim,0.4777777777777778,0.5055555555555555
