,rot,rot_AUG
ShapeletSim,0.4666666666666667,0.45555555555555555
