,rot,rot_AUG
ShapesAll,0.7766666666666666,0.5433333333333333
