,rot,rot_AUG
ShapeletSim,0.48333333333333334,0.4888888888888889
