,rot,rot_AUG
ShapeletSim,0.4722222222222222,0.5388888888888889
