,rot,rot_AUG
ShapeletSim,0.4888888888888889,0.4666666666666667
