,rot,rot_AUG
SmallKitchenAppliances,0.7173333333333334,0.7066666666666667
