,rot,rot_AUG
SmoothSubspace,0.9666666666666667,0.9333333333333333
