,rot,rot_AUG
SmoothSubspace,0.9533333333333334,0.9133333333333333
