,rot,rot_AUG
SonyAIBORobotSurface1,0.7886855241264559,0.6605657237936772
