,rot,rot_AUG
SonyAIBORobotSurface2,0.8100734522560336,0.6820566631689402
