,rot,rot_AUG
SonyAIBORobotSurface1,0.7803660565723793,0.5207986688851913
