,rot,rot_AUG
SonyAIBORobotSurface2,0.8048268625393494,0.6998950682056663
