,rot,rot_AUG
SonyAIBORobotSurface2,0.8090241343126967,0.757607555089192
