,rot,rot_AUG
SonyAIBORobotSurface2,0.8111227701993704,0.683105981112277
