,rot,rot_AUG
SonyAIBORobotSurface1,0.800332778702163,0.5341098169717138
