,rot,rot_AUG
SonyAIBORobotSurface2,0.8048268625393494,0.6873032528856243
