,rot,rot_AUG
SonyAIBORobotSurface1,0.7853577371048253,0.519134775374376
