,rot,rot_AUG
SonyAIBORobotSurface1,0.7970049916805324,0.5906821963394343
