,rot,rot_AUG
Strawberry,0.9702702702702702,0.827027027027027
