,rot,rot_AUG
Strawberry,0.9621621621621622,0.8351351351351352
