,rot,rot_AUG
Strawberry,0.9702702702702702,0.8054054054054054
