,rot,rot_AUG
Strawberry,0.9675675675675676,0.9081081081081082
