,rot,rot_AUG
Symbols,0.8974874371859296,0.6904522613065327
