,rot,rot_AUG
Symbols,0.8964824120603015,0.8090452261306532
