,rot,rot_AUG
Symbols,0.9035175879396985,0.7185929648241206
