,rot,rot_AUG
Symbols,0.8994974874371859,0.7577889447236181
