,rot,rot_AUG
Symbols,0.9015075376884422,0.7226130653266332
