,rot,rot_AUG
SyntheticControl,0.9733333333333334,0.7666666666666667
