,rot,rot_AUG
ToeSegmentation2,0.7307692307692307,0.6692307692307692
