,rot,rot_AUG
ToeSegmentation2,0.7615384615384615,0.6076923076923076
