,rot,rot_AUG
ToeSegmentation1,0.6359649122807017,0.6008771929824561
