,rot,rot_AUG
ToeSegmentation1,0.6271929824561403,0.5394736842105263
