,rot,rot_AUG
ToeSegmentation2,0.7769230769230769,0.7076923076923077
