,rot,rot_AUG
ToeSegmentation1,0.6052631578947368,0.5657894736842105
