,rot,rot_AUG
ToeSegmentation2,0.7538461538461538,0.7307692307692307
