,rot,rot_AUG
ToeSegmentation1,0.6535087719298246,0.5921052631578947
