,rot,rot_AUG
ToeSegmentation1,0.6271929824561403,0.49122807017543857
