,rot,rot_AUG
TwoLeadECG,0.9622475856014048,0.5829675153643546
