,rot,rot_AUG
TwoLeadECG,0.9525899912203687,0.7796312554872695
