,rot,rot_AUG
TwoLeadECG,0.9569798068481123,0.6391571553994733
