,rot,rot_AUG
TwoLeadECG,0.9604916593503073,0.9086918349429324
