,rot,rot_AUG
TwoLeadECG,0.9640035118525022,0.5812115891132572
