,rot,rot_AUG
UMD,0.9583333333333334,0.6944444444444444
