,rot,rot_AUG
UMD,0.9513888888888888,0.8888888888888888
