,rot,rot_AUG
UMD,0.9513888888888888,0.8333333333333334
