,rot,rot_AUG
UMD,0.9652777777777778,0.7430555555555556
