,rot,rot_AUG
UWaveGestureLibraryY,0.7068676716917923,0.6130653266331658
