,rot,rot_AUG
UWaveGestureLibraryX,0.7841987716359575,0.7079843662758235
