,rot,rot_AUG
UWaveGestureLibraryY,0.7060301507537688,0.6418202121719709
