,rot,rot_AUG
UWaveGestureLibraryZ,0.7372975991066444,0.6577331099944165
