,rot,rot_AUG
UWaveGestureLibraryZ,0.7356225572305974,0.7230597431602457
