,rot,rot_AUG
UWaveGestureLibraryZ,0.7331099944165271,0.6192071468453378
