,rot,rot_AUG
UWaveGestureLibraryX,0.7839195979899497,0.7431602456728085
