,rot,rot_AUG
UWaveGestureLibraryZ,0.7386934673366834,0.6412618648799553
