,rot,rot_AUG
UWaveGestureLibraryX,0.7844779452819653,0.7635399218313791
