,rot,rot_AUG
UWaveGestureLibraryZ,0.7314349525404802,0.68285873813512
