,rot,rot_AUG
UWaveGestureLibraryX,0.7816862088218872,0.6845337800111669
