,rot,rot_AUG
UWaveGestureLibraryY,0.7065884980457845,0.6267448352875489
