,rot,rot_AUG
UWaveGestureLibraryY,0.7060301507537688,0.6870463428252372
