,rot,rot_AUG
UWaveGestureLibraryX,0.7830820770519263,0.7289223897264099
