,rot,rot_AUG
UWaveGestureLibraryY,0.7046342825237297,0.6769960915689559
