,rot,rot_AUG
Wafer,0.9965931213497728,0.9738805970149254
