,rot,rot_AUG
Wafer,0.995619727449708,0.9766385463984426
