,rot,rot_AUG
Wafer,0.9951330304996755,0.987183646982479
