,rot,rot_AUG
Wafer,0.995295262816353,0.981505515898767
