,rot,rot_AUG
Wafer,0.9964308890330954,0.9823166774821545
