,rot,rot_AUG
Wine,0.8148148148148148,0.48148148148148145
