,rot,rot_AUG
Wine,0.8333333333333334,0.42592592592592593
