,rot,rot_AUG
Wine,0.8148148148148148,0.5370370370370371
