,rot,rot_AUG
Wine,0.7592592592592593,0.4074074074074074
