,rot,rot_AUG
WordSynonyms,0.5924764890282131,0.33072100313479624
