,rot,rot_AUG
WordSynonyms,0.5956112852664577,0.38087774294670845
