,rot,rot_AUG
WordSynonyms,0.6065830721003135,0.3652037617554859
