,rot,rot_AUG
WordSynonyms,0.6050156739811913,0.4216300940438871
