,rot,rot_AUG
WordSynonyms,0.5987460815047022,0.5203761755485894
