,rot,rot_AUG
Worms,0.5584415584415584,0.44155844155844154
