,rot,rot_AUG
Worms,0.5584415584415584,0.5324675324675324
