,rot,rot_AUG
Worms,0.5454545454545454,0.4805194805194805
