,rot,rot_AUG
WormsTwoClass,0.6623376623376623,0.5584415584415584
