,rot,rot_AUG
WormsTwoClass,0.6883116883116883,0.5324675324675324
