,rot,rot_AUG
Worms,0.5324675324675324,0.5194805194805194
