,rot,rot_AUG
WormsTwoClass,0.6493506493506493,0.4805194805194805
