,rot,rot_AUG
Worms,0.5454545454545454,0.44155844155844154
