,rot,rot_AUG
Yoga,0.8413333333333334,0.7556666666666667
