,rot,rot_AUG
Yoga,0.8446666666666667,0.6203333333333333
