,rot,rot_AUG
Yoga,0.8416666666666667,0.5786666666666667
