,STC,STC_AUG
Adiac,0.7979539641943734,0.7902813299232737
