,STC,STC_AUG
Adiac,0.7979539641943734,0.7774936061381074
