,STC,STC_AUG
ArrowHead,0.8057142857142857,0.7142857142857143
