,STC,STC_AUG
BME,0.8933333333333333,0.9533333333333334
