,STC,STC_AUG
Car,0.8333333333333334,0.8666666666666667
