,STC,STC_AUG
Car,0.8333333333333334,0.8833333333333333
