,STC,STC_AUG
Chinatown,0.9737609329446064,0.9708454810495627
