,STC,STC_AUG
Chinatown,0.9737609329446064,0.9766763848396501
