,STC,STC_AUG
Chinatown,0.9737609329446064,0.9183673469387755
