,STC,STC_AUG
Chinatown,0.9737609329446064,0.9650145772594753
