,STC,STC_AUG
ChlorineConcentration,0.7286458333333333,0.6244791666666667
