,STC,STC_AUG
CinCECGTorso,0.9376811594202898,0.8681159420289855
