,STC,STC_AUG
CinCECGTorso,0.9376811594202898,0.9043478260869565
