,STC,STC_AUG
CricketY,0.7974358974358975,0.7205128205128205
