,STC,STC_AUG
CricketZ,0.8205128205128205,0.8102564102564103
