,STC,STC_AUG
CricketY,0.7974358974358975,0.6923076923076923
