,STC,STC_AUG
CricketX,0.7897435897435897,0.7846153846153846
