,STC,STC_AUG
CricketX,0.7897435897435897,0.7384615384615385
