,STC,STC_AUG
CricketX,0.7897435897435897,0.717948717948718
