,STC,STC_AUG
CricketZ,0.8205128205128205,0.782051282051282
