,STC,STC_AUG
CricketZ,0.8205128205128205,0.7948717948717948
