,STC,STC_AUG
DiatomSizeReduction,0.9379084967320261,0.826797385620915
