,STC,STC_AUG
DiatomSizeReduction,0.9379084967320261,0.7777777777777778
