,STC,STC_AUG
DistalPhalanxOutlineCorrect,0.8115942028985508,0.7898550724637681
