,STC,STC_AUG
DistalPhalanxTW,0.6690647482014388,0.6906474820143885
