,STC,STC_AUG
DistalPhalanxOutlineAgeGroup,0.7410071942446043,0.7266187050359713
