,STC,STC_AUG
Earthquakes,0.7482014388489209,0.762589928057554
