,STC,STC_AUG
Earthquakes,0.7482014388489209,0.7410071942446043
