,STC,STC_AUG
ECG5000,0.9448888888888889,0.9435555555555556
