,STC,STC_AUG
ECG5000,0.9448888888888889,0.9417777777777778
