,STC,STC_AUG
ECGFiveDays,0.9965156794425087,0.9941927990708479
