,STC,STC_AUG
EOGHorizontalSignal,0.6104972375690608,0.5883977900552486
