,STC,STC_AUG
EOGHorizontalSignal,0.6104972375690608,0.5552486187845304
