,STC,STC_AUG
EOGVerticalSignal,0.5248618784530387,0.48066298342541436
