,STC,STC_AUG
EOGVerticalSignal,0.5248618784530387,0.5138121546961326
