,STC,STC_AUG
FaceFour,0.8863636363636364,0.8977272727272727
