,STC,STC_AUG
FaceFour,0.8863636363636364,0.9659090909090909
