,STC,STC_AUG
FaceAll,0.749112426035503,0.7366863905325444
