,STC,STC_AUG
FaceFour,0.8863636363636364,0.9545454545454546
