,STC,STC_AUG
FacesUCR,0.8941463414634147,0.8873170731707317
