,STC,STC_AUG
FiftyWords,0.7428571428571429,0.7252747252747253
