,STC,STC_AUG
FordA,0.9386363636363636,0.9409090909090909
