,STC,STC_AUG
FordB,0.825925925925926,0.8395061728395061
