,STC,STC_AUG
FreezerSmallTrain,0.9589473684210527,0.9596491228070175
