,STC,STC_AUG
FreezerRegularTrain,0.9964912280701754,0.9978947368421053
