,STC,STC_AUG
FreezerRegularTrain,0.9964912280701754,0.9992982456140351
