,STC,STC_AUG
GunPointOldVersusYoung,0.9650793650793651,0.9809523809523809
