,STC,STC_AUG
GunPointOldVersusYoung,0.9650793650793651,0.9746031746031746
