,STC,STC_AUG
GunPointMaleVersusFemale,0.9683544303797469,0.9715189873417721
