,STC,STC_AUG
GunPointAgeSpan,0.9810126582278481,0.9873417721518988
