,STC,STC_AUG
GunPointOldVersusYoung,0.9650793650793651,0.9841269841269841
