,STC,STC_AUG
Ham,0.7619047619047619,0.780952380952381
