,STC,STC_AUG
Ham,0.7619047619047619,0.7523809523809524
