,STC,STC_AUG
Haptics,0.5292207792207793,0.5032467532467533
