,STC,STC_AUG
Haptics,0.5292207792207793,0.4935064935064935
