,STC,STC_AUG
HouseTwenty,0.907563025210084,0.907563025210084
