,STC,STC_AUG
InlineSkate,0.4254545454545455,0.3890909090909091
