,STC,STC_AUG
InlineSkate,0.4254545454545455,0.43272727272727274
