,STC,STC_AUG
InsectWingbeatSound,0.6444444444444445,0.6232323232323232
