,STC,STC_AUG
InsectEPGSmallTrain,0.963855421686747,0.9357429718875502
