,STC,STC_AUG
InsectEPGRegularTrain,0.9879518072289156,0.9799196787148594
