,STC,STC_AUG
InsectEPGSmallTrain,0.963855421686747,0.927710843373494
