,STC,STC_AUG
ItalyPowerDemand,0.9620991253644315,0.9446064139941691
