,STC,STC_AUG
ItalyPowerDemand,0.9620991253644315,0.9630709426627794
