,STC,STC_AUG
LargeKitchenAppliances,0.8506666666666667,0.8453333333333334
