,STC,STC_AUG
Lightning2,0.8032786885245902,0.639344262295082
