,STC,STC_AUG
Lightning7,0.7534246575342466,0.6575342465753424
