,STC,STC_AUG
Lightning7,0.7534246575342466,0.7123287671232876
