,STC,STC_AUG
Mallat,0.9816631130063966,0.9872068230277186
