,STC,STC_AUG
Meat,0.9333333333333333,0.9166666666666666
