,STC,STC_AUG
Meat,0.9333333333333333,0.9666666666666667
