,STC,STC_AUG
MedicalImages,0.7421052631578947,0.7328947368421053
