,STC,STC_AUG
MedicalImages,0.7421052631578947,0.6921052631578948
