,STC,STC_AUG
MiddlePhalanxOutlineAgeGroup,0.5714285714285714,0.5974025974025974
