,STC,STC_AUG
MiddlePhalanxOutlineCorrect,0.8384879725085911,0.8247422680412371
