,STC,STC_AUG
MiddlePhalanxOutlineCorrect,0.8384879725085911,0.8109965635738832
