,STC,STC_AUG
MiddlePhalanxTW,0.525974025974026,0.525974025974026
