,STC,STC_AUG
MiddlePhalanxOutlineCorrect,0.8384879725085911,0.845360824742268
