,STC,STC_AUG
MiddlePhalanxOutlineAgeGroup,0.5714285714285714,0.6038961038961039
