,STC,STC_AUG
MixedShapesSmallTrain,0.9381443298969072,0.9303092783505155
