,STC,STC_AUG
MixedShapesRegularTrain,0.962061855670103,0.9612371134020619
