,STC,STC_AUG
MixedShapesRegularTrain,0.962061855670103,0.954639175257732
