,STC,STC_AUG
MoteStrain,0.9033546325878594,0.9185303514376997
