,STC,STC_AUG
MoteStrain,0.9033546325878594,0.9353035143769968
