,STC,STC_AUG
OSULeaf,0.8801652892561983,0.8677685950413223
