,STC,STC_AUG
PhalangesOutlinesCorrect,0.8368298368298368,0.8356643356643356
