,STC,STC_AUG
PhalangesOutlinesCorrect,0.8368298368298368,0.8426573426573427
