,STC,STC_AUG
Phoneme,0.35337552742616035,0.31751054852320676
