,STC,STC_AUG
Phoneme,0.35337552742616035,0.31170886075949367
