,STC,STC_AUG
PigAirwayPressure,0.7067307692307693,0.7211538461538461
