,STC,STC_AUG
PigAirwayPressure,0.7067307692307693,0.8798076923076923
