,STC,STC_AUG
PigArtPressure,0.9615384615384616,0.9519230769230769
