,STC,STC_AUG
PigCVP,0.8221153846153846,0.7932692307692307
