,STC,STC_AUG
ProximalPhalanxTW,0.7463414634146341,0.7609756097560976
