,STC,STC_AUG
ProximalPhalanxOutlineCorrect,0.8934707903780069,0.9003436426116839
