,STC,STC_AUG
ProximalPhalanxOutlineAgeGroup,0.8341463414634146,0.848780487804878
