,STC,STC_AUG
ScreenType,0.5333333333333333,0.5226666666666666
