,STC,STC_AUG
ScreenType,0.5333333333333333,0.5413333333333333
