,STC,STC_AUG
SemgHandGenderCh2,0.9233333333333333,0.9166666666666666
