,STC,STC_AUG
SemgHandGenderCh2,0.9233333333333333,0.8816666666666667
