,STC,STC_AUG
SemgHandSubjectCh2,0.9244444444444444,0.8555555555555555
