,STC,STC_AUG
SemgHandMovementCh2,0.7933333333333333,0.7288888888888889
