,STC,STC_AUG
ShapeletSim,0.9777777777777777,0.9944444444444445
