,STC,STC_AUG
ShapesAll,0.8383333333333334,0.8183333333333334
