,STC,STC_AUG
SonyAIBORobotSurface1,0.9367720465890182,0.9550748752079867
