,STC,STC_AUG
SonyAIBORobotSurface2,0.925498426023085,0.9202518363064008
