,STC,STC_AUG
SonyAIBORobotSurface1,0.9367720465890182,0.8069883527454242
