,STC,STC_AUG
Strawberry,0.972972972972973,0.9567567567567568
