,STC,STC_AUG
Strawberry,0.972972972972973,0.9621621621621622
