,STC,STC_AUG
Strawberry,0.972972972972973,0.9648648648648649
