,STC,STC_AUG
Symbols,0.9417085427135679,0.8180904522613065
