,STC,STC_AUG
Symbols,0.9417085427135679,0.8381909547738694
