,STC,STC_AUG
Symbols,0.9417085427135679,0.8140703517587939
