,STC,STC_AUG
Symbols,0.9417085427135679,0.8703517587939699
