,STC,STC_AUG
SyntheticControl,0.9966666666666667,0.9966666666666667
