,STC,STC_AUG
ToeSegmentation1,0.956140350877193,0.956140350877193
