,STC,STC_AUG
ToeSegmentation2,0.8153846153846154,0.8384615384615385
