,STC,STC_AUG
ToeSegmentation2,0.8153846153846154,0.823076923076923
