,STC,STC_AUG
TwoLeadECG,0.9956101843722563,0.9956101843722563
