,STC,STC_AUG
UMD,0.9583333333333334,0.9861111111111112
