,STC,STC_AUG
UWaveGestureLibraryY,0.7272473478503629,0.6862088218872139
