,STC,STC_AUG
UWaveGestureLibraryZ,0.7802903405918481,0.7311557788944724
