,STC,STC_AUG
UWaveGestureLibraryY,0.7272473478503629,0.718034617532105
