,STC,STC_AUG
UWaveGestureLibraryX,0.8121161362367393,0.7836404243439419
