,STC,STC_AUG
UWaveGestureLibraryY,0.7272473478503629,0.6940256839754327
