,STC,STC_AUG
UWaveGestureLibraryY,0.7272473478503629,0.7158012283640425
