,STC,STC_AUG
UWaveGestureLibraryX,0.8121161362367393,0.791178112786153
