,STC,STC_AUG
UWaveGestureLibraryZ,0.7802903405918481,0.7481853713009492
