,STC,STC_AUG
UWaveGestureLibraryX,0.8121161362367393,0.803461753210497
