,STC,STC_AUG
Wine,0.9444444444444444,0.7592592592592593
