,STC,STC_AUG
Wine,0.9444444444444444,0.7037037037037037
