,STC,STC_AUG
WordSynonyms,0.6473354231974922,0.5783699059561128
