,STC,STC_AUG
WordSynonyms,0.6473354231974922,0.5971786833855799
