,STC,STC_AUG
WordSynonyms,0.6473354231974922,0.6269592476489029
