,STC,STC_AUG
WormsTwoClass,0.8441558441558441,0.8441558441558441
