,STC,STC_AUG
Worms,0.7662337662337663,0.7532467532467533
