,STC,STC_AUG
Worms,0.7662337662337663,0.7142857142857143
